site,page,url,title,h1_present,meta_description_present,image_alt_issues
Littleton Auto Repair,/,https://www.littletonautorepairs.com/,403 Forbidden,yes,no,0
Littleton Auto Repair,/services,https://www.littletonautorepairs.com/services,403 Forbidden,yes,no,0
Littleton Auto Repair,/about,https://www.littletonautorepairs.com/about,403 Forbidden,yes,no,0
Littleton Auto Repair,/contact,https://www.littletonautorepairs.com/contact,403 Forbidden,yes,no,0
Littleton Auto Repair,/pricing,https://www.littletonautorepairs.com/pricing,403 Forbidden,yes,no,0
Littleton Auto Repair,/testimonials,https://www.littletonautorepairs.com/testimonials,403 Forbidden,yes,no,0
Littleton Auto Repair,/blog,https://www.littletonautorepairs.com/blog,403 Forbidden,yes,no,0
Pro Auto Care,/,https://proauto1.com/,Not Acceptable!,yes,no,0
Pro Auto Care,/services,https://proauto1.com/services,Not Acceptable!,yes,no,0
Pro Auto Care,/about,https://proauto1.com/about,Not Acceptable!,yes,no,0
Pro Auto Care,/contact,https://proauto1.com/contact,Not Acceptable!,yes,no,0
Pro Auto Care,/pricing,https://proauto1.com/pricing,Not Acceptable!,yes,no,0
Pro Auto Care,/testimonials,https://proauto1.com/testimonials,Not Acceptable!,yes,no,0
Pro Auto Care,/blog,https://proauto1.com/blog,Not Acceptable!,yes,no,0
Colorado Car Clinic,/,https://www.coloradocarclinic.com/,Littleton CO Auto Repair Home | Colorado Car Clinic,yes,yes,0
Colorado Car Clinic,/services,https://www.coloradocarclinic.com/services,Services Archives | Colorado Car Clinic,no,no,0
Colorado Car Clinic,/about,https://www.coloradocarclinic.com/about,About Colorado Car Clinic | Auto Repair Littleton CO,yes,yes,0
Colorado Car Clinic,/contact,https://www.coloradocarclinic.com/contact,Page not found | Colorado Car Clinic,yes,no,0
Colorado Car Clinic,/pricing,https://www.coloradocarclinic.com/pricing,Page not found | Colorado Car Clinic,yes,no,0
Colorado Car Clinic,/testimonials,https://www.coloradocarclinic.com/testimonials,Page not found | Colorado Car Clinic,yes,no,0
Colorado Car Clinic,/blog,https://www.coloradocarclinic.com/blog,Blog | Colorado Car Clinic,yes,no,4
